label,pct_baseline,pct_slate,pct_uplift,watch_baseline,watch_slate,watch_uplift
TEST | random (K=100),0.3411819695166561,0.34443248701326373,0.003250517496607652,204.72039795518359,208.59487165354912,3.8744736983655343
TEST | 1-stage pct-only (K=100),0.3411819695166561,0.43806887429601377,0.09688690477935769,204.72039795518359,162.86557053262388,-41.85482742255971
TEST | 1-stage watch-only (K=100),0.3411819695166561,0.3074934719564036,-0.033688497560252495,204.72039795518359,243.62959041973897,38.90919246455539
TEST | 1-stage weighted w_pct=0.55 (K=100),0.3411819695166561,0.3941677169743077,0.05298574745765161,204.72039795518359,205.27091485069238,0.5505168955087925
