label,pct_baseline,pct_slate,pct_uplift,watch_baseline,watch_slate,watch_uplift
random,0.3411819695166561,0.34443248701326373,0.003250517496607652,204.72039795518359,208.59487165354912,3.8744736983655343
1-stage pct-only,0.3411819695166561,0.43806887429601377,0.09688690477935769,204.72039795518359,162.86557053262388,-41.85482742255971
1-stage weighted w_pct,0.3411819695166561,0.3941677169743077,0.05298574745765161,204.72039795518359,205.27091485069238,0.5505168955087925
2-stage (pct→watch),0.3411819695166561,0.3075006827238721,-0.03368128679278398,204.72039795518359,243.6316887530723,38.91129079788871
1-stage watch-only,0.3411819695166561,0.3074934719564036,-0.033688497560252495,204.72039795518359,243.62959041973897,38.90919246455539
